초성,정답,힌트
ㅌㄱㅎㄱㅅㄷ,퇴근하고싶다,월요일 아침 마음의 소리
ㅇㅇㅂ,월요병,매주 찾아오는 병
ㄴㅈㄱ,냉장고,새벽 2시에 제일 많이 여는 문
ㅇㄹㅅㄱ,알람시계,아침의 적
ㄷㅇㅇㅌ,다이어트,항상 내일부터 하는 것
ㄹㄸ,로또,매주 토요일의 희망
ㅌㅂ,택배,기다릴 때 제일 설레는 상자
ㅇㅇㅍㅇ,와이파이,카페 가면 제일 먼저 묻는 것
ㅂㅈㅂㅌㄹ,보조배터리,빨간불 뜨면 찾는 것
ㅂㅇㅃ,붕어빵,붕어는 안 들어 있음
ㅇㅇㅅㅇㅁㄹㅋㄴ,아이스아메리카노,한겨울에도 얼어 죽어도 이것
ㅇㅇㅋ,에어컨,여름 사무실 온도 전쟁의 원인
ㅈㅅㅁㄴ,점심메뉴,직장인 인생 최대의 고민
ㅅㄱㅅ,삼겹살,회식 1차 단골
ㄴㄹㅂ,노래방,회식 2차 단골
ㅋㅌㄱ,칼퇴근,6시 땡
ㄱㅇㅇ,고양이,집사를 부리는 동물
ㅌㅎㄹ,탕후루,과일에 설탕 코팅
ㅁㄹㅌ,마라탕,얼얼한 국물
ㅇㄹㅂㅇㅌ,엘리베이터,어색한 침묵이 흐르는 상자
ㄷㅌㅂ,단톡방,알림 300개
ㅇㅆ,읽씹,읽고 답 안 하기
ㅈㅌㄱㅁ,재택근무,잠옷 입고 출근
ㅇㅊ,연차,쓰기 전날이 제일 행복함
ㅅㅎㅎ,소확행,작지만 확실한 것
ㅂㅁ,불멍,캠핑 가서 하는 멍
ㅉㅈㅁ,짜장면,이삿날 먹는 것
ㅎㅈㅅ,화장실,급할 때 제일 먼 곳
ㅁㅅㅋ,마스크,코로나 때 필수품
ㅅㅁㅌㅍ,스마트폰,하루 평균 몇 시간씩 보는 것
